Sources,Meand15N,SDd15N,Meand13C,SDd13C,Concd15N,Concd13C,n
Zostera,6.4889844701,1.4594632432,-11.170227684,1.2149561571,0.0297,0.3593,14
Grass,4.4321601033,2.2680708955,-30.8798439532,0.6413182104,0.0355,0.4026,14
U.lactuca,11.1926127957,1.1124384641,-11.170900037,1.9593305583,0.0192,0.2098,14
Enteromorpha,9.8162797509,0.8271039322,-14.0570109233,1.1724676718,0.0139,0.1844,14
